{"0": [0, 0, 0, 0, 0, 0, 0, 0, 0, 0, 0, 0, 0, 0, 0, 0, 0, 98, 0, 0, 0, 0, 0, 0, 0, 50.0, 0, 0, 0, 0, 0, 0, 0, 0, 0, 0, 0, 0, 0, 0, 0, 0, 0, 0, 0, 0, 0, 0, 6.25, 0, 0, 0, 0, 0, 50.0, 12.5, 0, 0, 0, 0, 0, 0, 0, 0, 0, 0, 0, 0, 0, 0, 0, 0, 0, 0, 0, 0, 0, 50.0, 0, 0, 0, 0, 0, 0, 0, 0, 0, 0, 0, 0, 6.25, 0, 0, 50.0, 0, 0, 0, 100, 12.5, 0, 0], "1": [0, 0, 0, 0, 0, 0, 0, 0, 0, 0, 0, 0, 0, 0, 0, 0, 0, 96, 0, 0, 0, 0, 0, 0, 0, 74.0, 0, 0, 0, 0, 0, 0, 0, 0, 0, 0, 0, 0, 0, 0, 0, 0, 0, 0, 0, 0, 0, 0, 12.25, 0, 0, 0, 0, 0, 74.0, 24.5, 0, 0, 0, 0, 0, 0, 0, 0, 0, 0, 0, 0, 0, 0, 0, 0, 0, 0, 0, 0, 0, 149, 0, 0, 0, 0, 0, 0, 0, 0, 0, 0, 0, 0, 12.25, 0, 0, 74.0, 0, 0, 0, 148.0, 24.5, 0, 0], "2": [0, 0, 0, 0, 0, 0, 0, 0, 0, 0, 0, 0, 0, 0, 0, 0, 0, 63, 0, 0, 0, 0, 0, 0, 0, 48, 0, 0, 0, 0, 0, 0, 0, 0, 0, 0, 0, 100, 0, 0, 0, 0, 0, 0, 0, 0, 0, 0, 8, 0, 0, 0, 0, 0, 48, 16, 0, 0, 0, 0, 0, 0, 0, 0, 0, 0, 0, 0, 0, 0, 0, 0, 0, 0, 0, 0, 0, 98, 0, 0, 0, 0, 0, 0, 0, 0, 0, 0, 0, 0, 8, 0, 0, 48, 0, 0, 0, 97, 16, 0, 0], "3": [0, 0, 0, 0, 6.25, 0, 0, 100, 0, 0, 0, 0, 0, 0, 0, 0, 0, 61, 0, 50.0, 0, 25.0, 0, 0, 0, 48.5625, 0, 0, 0, 0, 0, 0, 0, 0, 0, 25.0, 0, 98, 12.5, 0, 6.25, 0, 0, 0, 0, 0, 0, 0, 7.0000000000007105, 0, 0, 0, 0, 0, 47.000000000000085, 15.000000000045475, 0, 0, 0, 0, 0, 0, 25.0, 0, 0, 0, 0, 0, 0, 0, 0, 0, 0, 0, 0, 0, 0, 96.00000000000009, 0, 0, 0, 0, 0, 0, 0, 0, 0, 0, 0, 12.5, 7.0000000000007105, 0, 0, 47.00000000000284, 0, 0, 0, 95.00000000000142, 15.000000000001421, 6.25, 0], "4": [0, 0, 0, 0, 6.00004768371582, 0, 0, 98.00019073486328, 0, 0, 0, 0, 0, 0, 0, 0, 50.0, 59, 0, 49.00038146972656, 0, 24.000762939453125, 0, 25.0, 0, 47.00000000002274, 0, 0, 0, 0, 0, 0, 0, 0, 0, 24.00019073486328, 100, 96, 37.0, 25.0, 6.00004768371582, 0, 0, 0, 0, 0, 0, 0, 6.0000000000909495, 12.5, 50.0, 0, 0, 0, 46.00000000002274, 14.000000000045475, 0, 0, 0, 0, 0, 12.5, 24.00019073486328, 0, 0, 0, 0, 0, 0, 0, 0, 0, 0, 0, 0, 0, 0, 94.00000000002274, 0, 0, 0, 0, 50.0, 0, 0, 0, 0, 0, 0, 12.00009536743164, 6.000000005820766, 50.0, 0, 46.00000000009095, 0, 50.0, 0, 93.00000000004547, 14.000000000181899, 6.00004768371582, 6.25], "5": [50.0, 0, 0, 0, 6.5625, 0, 50.0, 102.25, 0, 0, 0, 0, 0, 0, 0, 0, 49.00038146972656, 57, 12.5, 60.5, 0, 48.0, 0, 24.000762939453125, 0, 46.390625, 0, 0, 0, 0, 0, 0, 0, 0, 0, 29.25, 98.00076293945312, 94, 39.125, 24.09765625, 6.5625, 0, 0, 0, 0, 0, 0, 0, 0, 12.1953125, 49.00038146972656, 0, 0, 0, 45.00000000000284, 13.000000001455192, 0, 0, 0, 0, 100, 12.006103515625, 29.25, 0, 0, 0, 0, 0, 0, 0, 0, 0, 0, 0, 0, 0, 0, 92.00000000000284, 0, 12.5, 0, 0, 49.006103515625, 0, 0, 0, 0, 0, 0, 14.125, 0, 49.00038146972656, 0, 45.00000000009095, 0, 49.00038146972656, 0, 91.00000000004547, 13.000000000045475, 6.5625, 6.0030517578125], "6": [47.00000000291038, 0, 0, 0, 6.000000000002842, 0, 47.00000001164153, 98.00000002328306, 0, 0, 0, 0, 0, 0, 0, 0, 46.00000298023224, 54, 11.000000011641532, 57.00000004656613, 0, 46.000000023283064, 0, 23.00002384185791, 0, 94.0, 0, 0, 0, 25.0, 0, 12.5, 0, 0, 0, 28.000011920928955, 96.125, 90, 37.00002384185791, 23.0030517578125, 6.000000000002842, 0, 0, 0, 25.0, 0, 0, 0, 100, 11.006103515625, 46.0, 0, 0, 0, 43.0, 12.00000149011612, 0, 0, 0, 0, 95.00000000582077, 11.000190734863281, 28.000000023283064, 0, 0, 0, 0, 0, 0, 0, 0, 0, 0, 25.0, 0, 0, 0, 88.0, 0, 11.000000011641532, 0, 0, 46.00019073486328, 0, 0, 0, 0, 0, 0, 13.000000046566129, 0, 52.25, 0, 43.00000074505806, 0, 46.0, 0, 112.0, 62.0, 6.000000000002842, 0], "7": [41, 0, 0, 0, 0, 0, 41, 85, 0, 0, 0, 0, 0, 0, 0, 0, 40, 47, 9, 49, 0, 40, 0, 20, 0, 82, 0, 0, 0, 21, 0, 10, 0, 0, 0, 24, 84, 78, 32, 20, 0, 0, 0, 0, 21, 0, 0, 0, 87, 9, 40, 0, 0, 0, 37, 10, 0, 100, 0, 0, 83, 9, 24, 0, 0, 0, 0, 0, 0, 0, 0, 0, 0, 21, 0, 0, 0, 77, 0, 9, 0, 0, 40, 0, 0, 0, 0, 0, 0, 11, 0, 45, 0, 37, 0, 40, 0, 98, 54, 0, 0], "8": [40.09765625, 0, 0, 0, 0, 0, 40.00000000291038, 83.0, 0, 50.0, 0, 0, 0, 0, 0, 0, 39.00002384185791, 46, 8.000000011641532, 48.1953125, 0, 39.000000005820766, 0, 19.00004768371582, 0, 92.5, 0, 0, 0, 20.048828125, 0, 9.000002980232239, 0, 0, 0, 23.00000000000009, 82.00004768371582, 76, 31.00004768371582, 19.006103515625, 0, 0, 0, 0, 20.00000000001137, 0, 0, 0, 86.5625, 8.01220703125, 39.00002384185791, 0, 0, 0, 86.0, 12.125, 0, 98, 0, 0, 81.048828125, 8.000381469726562, 23.390625, 0, 0, 0, 0, 0, 0, 0, 0, 0, 0, 20.0, 0, 0, 0, 87.5, 0, 8.000000002910383, 0, 0, 39.00038146972656, 0, 0, 0, 0, 0, 0, 10.000000000000044, 0, 44.00002384185791, 0, 48.5, 100, 39.00002384185791, 0, 121.0, 55.125, 0, 0], "9": [32.00009536743164, 0, 0, 25.0, 0, 50.0, 32.00038146972656, 67.00076293945312, 0, 40.000000000727596, 0, 0, 0, 0, 0, 0, 31.1953125, 37, 6.0003814697265625, 39.00152587890625, 0, 31.000762939453125, 0, 15.09765625, 0, 74.00000002328306, 0, 0, 0, 28.5, 0, 7.390625, 0, 0, 0, 18.048828125, 66.390625, 61, 25.09765625, 40.0, 0, 0, 6.25, 0, 16.000000005820766, 0, 0, 0, 70.00000009313226, 56.0, 31.1953125, 0, 0, 0, 69.00000002328306, 9.000000046566129, 0, 79, 0, 0, 65.00019073486328, 0, 18.000762939453125, 0, 0, 0, 0, 0, 0, 0, 0, 0, 0, 16.000000005820766, 0, 0, 0, 70.00000002328306, 0, 6.0003814697265625, 0, 0, 31.1953125, 0, 12.5, 0, 25.0, 0, 0, 8.00152587890625, 0, 35.78125, 100, 39.00000009313226, 80.0000000007276, 31.1953125, 0, 98.00000004656613, 44.000000186264515, 0, 0], "10": [31.00000000145519, 0, 0, 24.00152587890625, 0, 49.00019073486328, 31.000000005820766, 65.00000001164153, 0, 39.0, 0, 0, 0, 0, 0, 0, 30.00000037252903, 36, 0, 38.000000023283064, 0, 30.000000011641532, 0, 14.000002980232239, 0, 84.5, 0, 0, 0, 30.125, 0, 8.5625, 0, 0, 0, 17.00000149011612, 65.390625, 59, 24.00000298023224, 39.00038146972656, 0, 0, 6.09765625, 0, 18.125, 0, 0, 0, 118.0, 54.000762939453125, 30.0, 0, 0, 0, 79.5, 33.0, 0, 77, 0, 0, 63.00000000291038, 0, 17.000000011641532, 0, 0, 0, 0, 0, 0, 0, 0, 0, 0, 18.125, 0, 0, 0, 80.5, 0, 0, 0, 0, 30.00002384185791, 0, 12.0030517578125, 0, 24.000381469726562, 0, 0, 7.000000023283064, 50.0, 35.78125, 98.00038146972656, 88.0, 78.0, 30.0, 0, 121.0, 143, 0, 0], "11": [21.00152587890625, 0, 25.0, 16.01220703125, 0, 33.0, 21.000381469726562, 44.00004768371582, 0, 26.00000000145519, 0, 0, 0, 0, 0, 0, 20.390625, 24, 0, 26.00009536743164, 0, 20.00019073486328, 0, 9.1953125, 0, 57.00152587890625, 0, 0, 0, 20.006103515625, 0, 0, 0, 0, 0, 11.00004768371582, 44.78125, 40, 16.1953125, 26.1953125, 0, 0, 7.125, 0, 12.000000000000005, 0, 100, 0, 80.00000002328306, 37.09765625, 20.390625, 0, 0, 0, 54.000000005820766, 22.000000011641532, 0, 52, 0, 25.0, 43.000762939453125, 0, 11.00004768371582, 0, 50.0, 0, 0, 0, 0, 0, 0, 0, 0, 12.000000000000005, 0, 0, 0, 55.000000005820766, 0, 0, 0, 0, 20.390625, 0, 8.006103515625, 0, 16.01220703125, 0, 50.0, 0, 34.00000009313226, 25.5625, 67.01220703125, 60.000000023283064, 53.00000000145519, 20.390625, 0, 82.00000001164153, 98.00000004656613, 0, 0], "12": [20.0244140625, 0, 24.0, 15.1953125, 0, 32.000000000000014, 20.006103515625, 43.000762939453125, 0, 25.000000023283064, 0, 0, 0, 0, 0, 0, 25.25, 23, 0, 25.00152587890625, 0, 19.0030517578125, 0, 12.125, 0, 55.0244140625, 0, 0, 0, 19.09765625, 0, 12.5, 0, 0, 0, 10.000762939453125, 55.5, 39, 18.125, 28.125, 0, 0, 56.0, 0, 11.000000000000089, 0, 148.0, 0, 78.00000037252903, 37.5625, 25.25, 50.0, 0, 0, 52.00000009313226, 21.000000186264515, 0, 50, 0, 24.0, 42.01220703125, 0, 10.000762939453125, 0, 49.0, 0, 0, 0, 0, 0, 0, 0, 0, 11.000000000000089, 0, 0, 0, 53.00000009313226, 0, 0, 0, 0, 25.25, 0, 7.09765625, 0, 15.1953125, 0, 149, 0, 33.00000149011612, 50.0, 65.1953125, 58.00000037252903, 51.000000023283064, 25.25, 0, 80.00000018626451, 96.00000074505806, 0, 0],