{"0": [0, 0, 0, 0, 0, 0, 0, 0, 0, 0, 0, 0, 0, 0, 0, 12.01220703125, 0, 0, 0, 0, 0, 0, 49.01220703125, 0, 0, 0, 0, 0, 0, 0, 0, 0, 0, 12.5, 0, 0, 0, 0, 0, 0, 0, 0, 0, 24.006103515625, 0, 0, 0, 0, 0, 50.0, 24.0244140625, 0, 0, 0, 50.0, 0, 0, 0, 0, 0, 0, 12.5, 0, 0, 12.5, 0, 0, 0, 99.006103515625, 0, 6.25, 6.09765625, 0, 0, 0, 0, 0, 0, 0, 100, 0, 50.0, 0, 0, 0, 0, 12.048828125, 0, 0, 0, 0, 0, 6.0244140625, 0, 0, 24.006103515625, 0, 0, 0, 0, 0], "1": [0, 0, 0, 0, 0, 0, 0, 0, 0, 0, 0, 0, 0, 50.0, 0, 11.006103515625, 0, 0, 0, 0, 0, 0, 48.00000037252903, 0, 0, 0, 0, 0, 0, 100, 0, 0, 0, 15.125, 0, 0, 0, 0, 0, 0, 0, 0, 0, 23.000000186264515, 0, 0, 0, 50.0, 0, 50.5625, 23.00000074505806, 0, 0, 12.5, 50.5625, 0, 0, 0, 0, 0, 0, 24.5, 0, 0, 15.125, 0, 0, 0, 97.00000018626451, 0, 56.0, 0, 0, 0, 0, 0, 0, 0, 0, 101.125, 0, 55.25, 0, 0, 0, 0, 11.00000149011612, 0, 0, 0, 0, 0, 0, 0, 0, 23.000000186264515, 0, 0, 0, 0, 0], "2": [0, 0, 0, 0, 0, 0, 0, 0, 0, 0, 0, 0, 0, 49, 0, 10, 0, 0, 0, 0, 12.5, 0, 47, 0, 0, 0, 0, 100, 0, 98, 0, 0, 0, 14, 0, 0, 0, 0, 0, 0, 0, 12.5, 0, 22, 12.5, 50.0, 0, 49, 0, 50, 22, 0, 0, 12, 50, 0, 0, 0, 0, 0, 0, 24, 0, 0, 14, 0, 0, 0, 95, 0, 55, 0, 0, 0, 0, 0, 0, 0, 0, 100, 25.0, 54, 0, 0, 0, 0, 10, 0, 0, 0, 0, 0, 0, 0, 0, 22, 0, 0, 0, 0, 0], "3": [0, 0, 0, 0, 0, 0, 0, 0, 0, 0, 0, 0, 0, 48.0, 0, 9.000011920928955, 0, 25.0, 12.5, 0, 12, 0, 46.000000023283064, 0, 0, 0, 0, 99, 0, 97.0244140625, 0, 0, 0, 13.0, 0, 0, 0, 0, 0, 0, 0, 12, 0, 71.0, 12, 49, 0, 48.09765625, 0, 49.0, 21.000000093132257, 0, 0, 36.0, 49.00000000000002, 0, 6.25, 0, 0, 0, 0, 23.0, 0, 0, 13.0, 0, 0, 0, 94.00000001164153, 0, 54.0, 0, 0, 0, 0, 0, 100, 0, 0, 99.00000000000001, 24, 53.0, 0, 12.5, 0, 0, 9.000000186264515, 0, 0, 0, 0, 0, 0, 50.0, 0, 21.000000011641532, 0, 0, 0, 25.0, 0], "4": [0, 0, 0, 0, 0, 6.25, 0, 0, 0, 0, 0, 6.25, 0, 48.000000000005684, 50.0, 21.5, 0, 25.000762939453125, 12.048828125, 25.0, 12, 0, 46.00004768371582, 0, 0, 0, 0, 99, 0, 97.00152587890625, 0, 0, 0, 13.000000000000355, 0, 0, 0, 0, 0, 0, 0, 12, 0, 71.00002384185791, 12, 49, 50.0, 48.006103515625, 0, 49.00000000000004, 21.00009536743164, 0, 0, 42.25, 49.00000000000004, 0, 7.5625, 0, 0, 50.0, 0, 23.00000000000009, 0, 0, 13.000000000000089, 0, 0, 0, 94.00002384185791, 0, 57.125, 0, 0, 50.0, 0, 0, 100.00000298023224, 0, 0, 99.00000000000009, 24, 53.00000000000018, 0, 12.1953125, 12.5, 0, 9.000190734863281, 0, 0, 0, 0, 6.25, 0, 53.125, 0, 21.00002384185791, 100, 0, 0, 25.09765625, 0], "5": [0, 0, 0, 0, 0, 6.000000000000022, 0, 0, 0, 0, 0, 0, 0, 47.00000000291038, 61.5, 71.0, 0, 25.09765625, 12.048828125, 124, 11, 0, 46.390625, 0, 0, 0, 0, 98, 0, 97.00009536743164, 0, 0, 0, 12.000000000181899, 0, 0, 0, 0, 0, 0, 0, 11, 0, 72.5625, 11, 48, 99.0, 48.00038146972656, 0, 48.00000000009095, 21.000000093132257, 0, 0, 42.09765625, 48.00000000009095, 0, 7.0244140625, 0, 0, 61.5, 0, 22.000000000727596, 0, 0, 12.000000000181899, 0, 0, 0, 94.0, 0, 57.00000000291038, 0, 0, 61.5, 0, 0, 100.390625, 0, 0, 98.0000000001819, 23, 52.0000000003638, 0, 12.048828125, 62.0, 0, 9.000000186264515, 0, 0, 0, 0, 6.000002980232239, 0, 53.1953125, 0, 21.0, 124.0, 0, 0, 25.09765625, 0], "6": [0, 0, 0, 0, 0, 0, 0, 0, 0, 0, 0, 0, 0, 37.00000000291038, 61.5, 106.0, 0, 20.09765625, 9.048828125, 199, 8, 0, 37.390625, 0, 0, 0, 0, 78, 0, 77.00009536743164, 0, 0, 0, 9.000000000181899, 0, 0, 0, 0, 0, 0, 0, 8, 0, 58.5625, 8, 38, 129.0, 38.00038146972656, 0, 38.00000000009095, 16.000000093132257, 0, 0, 33.09765625, 38.00000000009095, 0, 0, 0, 0, 61.5, 0, 17.000000000727596, 0, 0, 9.000000000181899, 0, 0, 0, 75.0, 0, 45.00000000291038, 0, 0, 61.5, 0, 0, 80.390625, 0, 0, 78.0000000001819, 18, 41.0000000003638, 0, 9.048828125, 99.0, 0, 7.000000186264515, 0, 0, 0, 0, 0, 0, 42.1953125, 0, 16.0, 124.0, 0, 0, 20.09765625, 0], "7": [0, 0, 0, 12.5, 0, 0, 0, 0, 0, 0, 0, 0, 0, 18.000000000000355, 80.0, 53.09765625, 6.25, 11.5625, 0, 100.006103515625, 0, 0, 18.09765625, 0, 0, 0, 0, 39, 0, 38.00000000000071, 0, 0, 0, 0, 0, 0, 0, 0, 0, 0, 0, 0, 0, 79.0, 0, 19, 64.00152587890625, 20.5625, 0, 19.000000093132257, 8.1953125, 0, 0, 16.000381469726562, 19.00000074505806, 0, 0, 0, 6.25, 30.00000149011612, 0, 8.000000023283064, 0, 0, 0, 0, 0, 0, 37.048828125, 25.0, 22.00019073486328, 0, 0, 30.0, 0, 0, 40.0, 0, 0, 39.00000037252903, 9, 20.000000093132257, 0, 0, 49.00152587890625, 100, 0, 0, 6.25, 50.0, 0, 0, 0, 21.78125, 0, 8.048828125, 87.0, 50.0, 0, 10.000005960464478, 0], "8": [0, 0, 0, 12.000000000045475, 0, 50.0, 0, 0, 0, 0, 0, 0, 0, 17.0, 79.0000000001819, 52.000000005820766, 6.000000000022737, 11.000000093132257, 0, 100.5625, 0, 0, 17.000000005820766, 0, 0, 0, 0, 38, 0, 37.000000186264515, 0, 0, 100, 0, 0, 0, 0, 50.0, 0, 12.5, 0, 0, 0, 78.00000000291038, 0, 18, 63.0, 20.00000074505806, 0, 18.000381469726562, 8.000000011641532, 0, 0, 16.5625, 18.0030517578125, 0, 0, 0, 6.000000000022737, 29.006103515625, 0, 7.000095367431641, 0, 0, 0, 0, 0, 0, 36.00000000291038, 24.00000000009095, 21.78125, 0, 0, 29.0, 0, 0, 39.0000000003638, 0, 0, 38.00152587890625, 8, 19.000381469726562, 0, 0, 51.125, 98.0000000003638, 0, 0, 6.0000000931322575, 49.0000000001819, 0, 0, 0, 21.78125, 0, 7.000000002910383, 86.0030517578125, 49.0000000001819, 25.0, 9.0244140625, 0], "9": [0, 0, 0, 11, 0, 49, 0, 0, 0, 0, 0, 0, 0, 16, 77, 51, 0, 10, 0, 99, 0, 0, 16, 0, 0, 100, 0, 37, 0, 36, 0, 0, 98, 0, 0, 0, 0, 49, 0, 12, 0, 0, 0, 76, 0, 17, 62, 19, 0, 17, 7, 0, 0, 16, 17, 0, 0, 0, 0, 28, 0, 0, 0, 0, 0, 0, 0, 0, 35, 23, 21, 0, 0, 28, 0, 0, 38, 0, 0, 37, 7, 18, 0, 0, 50, 96, 0, 0, 0, 48, 0, 0, 0, 21, 0, 0, 84, 48, 24, 8, 0], "10": [0, 0, 0, 10, 0, 48, 0, 0, 0, 0, 0, 0, 0, 15, 75, 49, 0, 9, 0, 97, 100, 0, 15, 0, 0, 98, 0, 48.5, 0, 35, 0, 0, 96, 0, 0, 0, 0, 48, 0, 11, 0, 25.0, 0, 74, 25.0, 41.0, 60, 18, 0, 16, 0, 0, 0, 15, 16, 0, 0, 0, 0, 27, 0, 0, 0, 0, 0, 0, 0, 0, 34, 22, 20, 0, 0, 27, 0, 0, 37, 0, 0, 36, 56.0, 17, 0, 0, 49, 94, 0, 0, 0, 47, 0, 0, 0, 20, 0, 0, 82, 47, 23, 7, 0], "11": [0, 0, 0, 9, 0, 47, 0, 0, 0, 0, 0, 0, 0, 14, 74, 48, 0, 8, 0, 96, 99, 0, 14, 0, 0, 97, 0, 48, 0, 34, 0, 0, 95, 0, 0, 0, 0, 47, 0, 10, 0, 24, 0, 73, 24, 40, 59, 17, 0, 15, 0, 0, 0, 14, 15, 0, 0, 0, 0, 26, 0, 0, 0, 100, 0, 0, 0, 0, 33, 21, 19, 0, 0, 26, 0, 0, 36, 0, 0, 35, 55, 16, 0, 0, 48, 93, 0, 0, 0, 46, 0, 0, 0, 19, 0, 0, 81, 46, 22, 0, 0], "12": [0, 0, 0, 9.000000000011369, 0, 47.0244140625, 0, 0, 0, 0, 0, 0, 0, 14.000000000000044, 74.1953125, 48.048828125, 0, 8.000005960464478, 0, 96.09765625, 99, 0, 14.00000037252903, 0, 0, 97, 0, 48, 0, 34.000011920928955, 0, 0, 95.0, 25.0, 0, 0, 0, 47.0, 0, 10.0, 0, 24, 0, 73.00000018626451, 24, 40, 59.1953125, 17.00004768371582, 0, 27.5, 0, 0, 0, 14.0244140625, 27.5, 0, 0, 0, 0, 29.125, 0, 25.0, 0, 100, 100, 0, 0, 0, 33.000000186264515, 21.000000000005684, 19.01220703125, 0, 0, 26.1953125, 0, 0, 36.000000023283064, 0, 0, 60.0, 55, 66.0, 0, 0, 48.048828125, 93.00000002328306, 0, 0, 0, 46.00000001164153, 0, 0, 0, 19.01220703125, 0, 0, 81.390625, 46.00000001164153, 22.0, 0, 0], "13": [0, 0, 0, 12.125, 0, 47.00000000000284, 0, 0, 0, 0, 12.5, 0, 0, 14.00000149011612, 74.78125, 48.0, 12.5, 8.01220703125, 0, 96.0, 99, 0, 14.048828125, 0, 0, 97, 0, 48, 0, 34.000011920928955, 0, 0, 95.00000000000009, 25.000000093132257, 0, 0, 0, 47.00000000000004, 0, 10.00000000000001, 0, 24, 0, 73.1953125, 24, 40, 59.0, 17.00004768371582, 0, 27.00000004656613, 0, 0, 0, 14.01220703125, 27.00000004656613, 0, 0, 0, 0, 29.000000011641532, 25.0, 25.00000037252903, 0, 100, 100.00000009313226, 0, 0, 0, 33.0, 22.5625, 19.00000149011612, 0, 0, 26.0, 0, 100, 36.048828125, 0, 0, 60.00000009313226, 55, 66.00000018626451, 0, 0, 73.0, 93.390625, 0, 0, 0, 46.1953125, 0, 50.0, 50.0, 19.0244140625, 0, 0, 81.390625, 46.1953125, 22.00000000000002, 0, 0],